00000001,reg_name new,12,18,...,...,For New Row
00000002,reg_name new,34,52,...,...,For New Row
00000003,reg_name new,56,86,...,...,For New Row
00000004,reg_name new,78,120,...,...,For New Row
00000005,reg_name new,90,144,...,...,For New Row
00000006,reg_name new,AB,171,...,...,For New Row
00000007,reg_name new,CD,205,...,...,For New Row
00000008,reg_name new,EF,239,...,...,For New Row
00000009,reg_name new,54,84,...,...,For New Row
0000000A,reg_name new,89,137,...,...,For New Row
0000000B,reg_name new,00,0,...,...,For New Row
0000000C,reg_name new,00,0,...,...,For New Row
0000000D,reg_name new,00,0,...,...,For New Row
0000000E,reg_name new,00,0,...,...,For New Row
0000000F,reg_name new,00,0,...,...,For New Row
00000010,reg_name new,00,0,...,...,For New Row
00000011,reg_name new,00,0,...,...,For New Row
00000012,reg_name new,00,0,...,...,For New Row
00000013,reg_name new,00,0,...,...,For New Row
00000014,reg_name new,00,0,...,...,For New Row
00000015,reg_name new,00,0,...,...,For New Row
00000016,reg_name new,00,0,...,...,For New Row
00000017,reg_name new,00,0,...,...,For New Row
00000018,reg_name new,00,0,...,...,For New Row
00000019,reg_name new,00,0,...,...,For New Row
0000001A,reg_name new,00,0,...,...,For New Row
0000001B,reg_name new,00,0,...,...,For New Row
0000001C,reg_name new,00,0,...,...,For New Row
0000001D,reg_name new,00,0,...,...,For New Row
0000001E,reg_name new,00,0,...,...,For New Row
0000001F,reg_name new,00,0,...,...,For New Row
00000020,reg_name new,00,0,...,...,For New Row
00000021,reg_name new,00,0,...,...,For New Row
00000022,reg_name new,00,0,...,...,For New Row
00000023,reg_name new,00,0,...,...,For New Row
00000024,reg_name new,00,0,...,...,For New Row
00000025,reg_name new,00,0,...,...,For New Row
00000026,reg_name new,00,0,...,...,For New Row
00000027,reg_name new,00,0,...,...,For New Row
00000028,reg_name new,00,0,...,...,For New Row
00000029,reg_name new,00,0,...,...,For New Row
0000002A,reg_name new,00,0,...,...,For New Row
0000002B,reg_name new,00,0,...,...,For New Row
0000002C,reg_name new,00,0,...,...,For New Row
0000002D,reg_name new,00,0,...,...,For New Row
0000002E,reg_name new,00,0,...,...,For New Row
0000002F,reg_name new,00,0,...,...,For New Row
00000030,reg_name new,00,0,...,...,For New Row
00000031,reg_name new,00,0,...,...,For New Row
